Date,LLY,UHS,HCA,JNJ,UNH,REGN,Average
01/02/2020,127.1451492,140.3629608,144.2579041,135.064743,283.7741394,373.3500061,200.6591504
01/03/2020,126.7220154,140.0276184,144.6980286,133.5010376,280.9024963,369.1600037,199.1685333
01/06/2020,127.1932602,139.9191437,145.2457581,133.3344727,282.852478,371.7399902,200.0475172
01/07/2020,127.4336777,140.481308,145.0501556,134.1487427,281.14505,373.1300049,200.2314898
01/08/2020,128.5877228,143.0950623,146.0086517,134.130249,287.0727539,382.4200134,203.5524089
01/09/2020,130.7130585,142.3553162,144.1894226,134.5280914,285.4428711,383.4700012,203.4497935
01/10/2020,132.7133636,144.0518036,144.8936615,134.2227478,286.3257141,381.4100037,203.9362157
02/03/2020,135.5984497,135.3820496,138.6926117,138.9509735,265.8454895,341.1199951,192.5982615
02/04/2020,137.9449615,136.5952454,141.2062531,140.2741394,272.4620361,356,197.4137726
02/05/2020,141.7052002,140.0571899,147.7300873,142.485611,286.9078674,372.1600037,205.1743266
02/06/2020,141.657074,139.1497955,145.9891052,142.059967,283.7354431,389.8500061,207.0735652
02/07/2020,140.8011932,136.2401428,142.7320557,140.5424805,280.5920105,381.8699951,203.796313
02/10/2020,139.9356689,137.6999207,143.4656525,140.5146942,278.4673767,386.2099915,204.3822174
02/11/2020,138.7239227,139.7416077,146.2825012,140.6350403,282.1152039,396.75,207.3747126
02/12/2020,138.0122681,138.3903198,147.2606049,139.8022614,294.4266357,406.2999878,210.6986796
03/02/2020,128.4131927,130.2195892,132.5379639,130.385437,264.962616,464.75,208.5447998
03/03/2020,125.9675064,123.8182526,126.3748016,126.260231,253.6019287,461.5499878,202.9287847
03/04/2020,135.7019196,130.1109314,132.7146301,133.6073456,280.7861328,493.480011,217.7334951
03/05/2020,135.4795685,126.0211716,125.4522858,132.2385101,274.5187378,488.1700134,213.6467145
03/06/2020,136.7459412,124.4406052,124.8340073,132.2571411,275.4016724,494.4299927,214.6848933
03/09/2020,131.1972351,113.1987534,114.5685654,127.0517731,265.2827759,474.4400024,204.2898509
03/10/2020,136.4849396,118.1084213,118.6217422,131.8939667,271.6470642,475.019989,208.6293538
03/11/2020,135.3539124,108.8027878,110.4957581,122.7310486,269.4933167,464.7000122,201.9294726
03/12/2020,121.8204575,98.58833313,99.62184906,116.7807388,242.9398193,431.8900146,185.2735354
04/01/2020,131.8738861,86.85256958,82.1725769,119.9467773,231.2376251,496.6499939,191.4555715
04/02/2020,137.4419556,87.63295746,82.33939362,123.9881363,234.2776642,498.75,194.0716845
04/03/2020,135.0059204,84.34339905,80.3079071,124.9379654,223.6083221,493.3200073,190.2539202
04/06/2020,136.8909302,95.32839203,91.8393631,130.1433411,241.9752045,504.269989,200.0745367
04/07/2020,137.151947,97.19546509,96.77579498,128.0202179,241.6828766,501.5100098,200.3893852
04/08/2020,141.3473206,105.6910324,106.0500183,133.4024963,260.9656982,512.3300171,209.9644305
04/09/2020,140.873642,103.2411423,106.0500183,131.5121765,257.3605347,512.960022,208.666256
05/01/2020,148.510376,97.94622803,102.9095306,138.0863647,277.2182007,525.5,215.02845
05/04/2020,148.1720581,97.23497009,101.6827927,138.0677948,280.1705322,541.8200073,217.8580259
05/05/2020,152.6284027,100.6628265,104.4797745,139.2131195,285.529541,574.3699951,226.1472766
05/06/2020,151.4587402,94.43932343,97.6295929,137.8908386,281.3689575,553.5,219.3812421
05/07/2020,147.8723755,95.35803223,100.6326981,137.4345398,277.6956177,559.8300171,219.8038801
05/08/2020,148.3943634,100.8208923,105.9126205,138.4681854,279.6443787,563.4000244,222.7734108
05/11/2020,153.2664337,97.2744751,102.2029343,138.8499908,281.2910156,574.1099854,224.4991392
05/12/2020,152.4640808,92.38456726,97.69830322,137.0155029,280.3264465,557.539978,219.5714798
06/01/2020,148.063446,103.3201675,106.805687,138.012207,298.0892029,599.4699707,232.2934469
06/02/2020,149.4329224,102.7669678,106.992157,139.0061188,298.4594421,617.6599731,235.7195969
06/03/2020,148.1411743,103.162117,105.932251,139.3811646,297.5240479,604.2800293,233.0701307
06/04/2020,146.3735352,101.6605682,104.9704742,137.5808716,290.4403992,598.539978,229.9276377
06/05/2020,144.9167023,107.8346863,113.4105072,138.1153564,303.8574829,597,234.1891225
06/08/2020,144.9167023,109.859787,115.8443832,137.6183929,301.5482178,604.039978,235.6379102
06/09/2020,144.8390198,107.8939514,113.8423309,136.858902,301.2851257,608.5900269,235.5515595
06/10/2020,146.6551971,101.2061462,108.0422592,138.5841522,297.9137878,606.5900269,233.1652616
06/11/2020,139.9343262,93.74782562,99.22929382,132.0862579,276.4581604,596.1599731,222.9359728
06/12/2020,139.4098511,94.41955566,98.67971039,133.2864532,277.8417664,588.3900146,222.0045586
07/01/2020,158.6012878,92.04869843,96.25565338,131.6268463,291.3488159,609.1699829,229.8418808
07/02/2020,159.154892,92.47348785,96.14768982,132.1800537,291.8674622,622.4500122,232.378933
07/06/2020,162.0879822,93.66879272,97.36461639,134.0646973,296.3198853,627.25,235.1259957
07/07/2020,161.9519958,90.06309509,94.44987488,133.9428253,290.2919312,640.8800049,235.2632879
07/08/2020,164.2635193,89.59880066,93.85121918,134.3366089,291.9652405,640.3400269,235.7259026
07/09/2020,161.6606445,87.53418732,92.58521271,133.6052704,284.9195862,640.6300049,233.489151
07/10/2020,158.6595459,88.67022705,94.92094421,133.4927216,284.9881287,620.8599854,230.2652588
08/03/2020,148.4422302,106.441803,123.5287476,138.1622314,297.1027527,645.1799927,243.1429596
08/04/2020,150.3944244,105.4144287,126.0018616,138.0403595,297.9736633,648.4299927,244.3757884
08/05/2020,149.8990936,106.8270798,127.9842834,139.1467438,305.7728882,624.5200195,242.3583514
08/06/2020,148.4811096,106.5109558,129.8587341,138.349762,307.3287659,621.210022,241.9565582
08/07/2020,148.5296631,108.1112823,127.8469086,139.3343048,310.2351379,620.210022,242.3778865
08/10/2020,148.5976563,111.2526932,130.0059814,138.7998047,312.2607727,608.2399902,241.5261498
08/11/2020,146.2958374,111.5885544,129.142334,137.8059082,308.7868042,598.8599854,238.7465706
08/12/2020,148.1605988,112.0824814,129.6723022,140.3282013,315.3627625,612.3499756,242.9927203
09/01/2020,143.7590027,109.2275696,131.7037964,143.0178223,306.1251526,592.6799927,237.7522227
09/02/2020,145.9549408,110.9760895,135.5999451,145.1981812,313.3763123,610.1500244,243.5425822
09/03/2020,145.4376831,110.739006,134.0591583,141.1583557,309.4522705,577.4000244,236.3744163
09/04/2020,147.2822266,112.1911469,134.5008087,140.2522125,305.3129578,580.3599854,236.6498897
09/08/2020,145.7206879,107.9927597,130.0648651,138.9968567,300.6647644,561.8900146,230.8883247
09/09/2020,148.3167419,109.8696823,131.3210297,141.2999268,305.332489,571.1500244,234.5483157
09/10/2020,142.7050018,111.5095215,132.1650696,138.6664886,298.0715637,550.0999756,228.8696035
09/11/2020,144.5300293,111.8256302,131.5075073,139.4876404,296.2340698,544.75,228.0558128
10/01/2020,140.8213654,104.9106216,122.243103,139.0534973,307.622406,568.1400146,230.465168
10/02/2020,141.7192688,107.8248062,124.6867981,138.0340881,306.5513916,564.7999878,230.6027234
10/05/2020,143.1051331,110.1857834,127.7487411,139.9124146,312.6140137,605.0800171,239.7743505
10/06/2020,140.6652222,109.2967148,125.9822311,138.052948,308.9783936,581.6400146,234.1025874
10/07/2020,145.3791199,108.1705475,126.66922,139.5820465,317.5466614,591.6900024,238.172933
10/08/2020,149.809967,111.5193939,129.3778687,140.5353851,316.7998962,599.8800049,241.3204193
10/09/2020,153.1087036,110.3734894,131.468277,142.4986877,322.1354065,602.0700073,243.6090953
10/12/2020,150.7761993,108.4866791,127.8076553,143.3198242,324.2283325,601.5499878,242.6947797
11/02/2020,128.4657135,112.4973755,128.2437439,130.9076996,306.6693115,548.5800171,225.8939769
11/03/2020,127.8313293,116.7748184,133.6346436,130.728363,315.7583008,557.1900024,230.3195763
11/04/2020,145.0180054,110.9168091,129.4220581,131.5778809,348.3904419,587.1400146,242.077535
11/05/2020,142.0218201,116.3895416,135.0781708,131.9176941,348.2332153,588.8099976,243.7417399
11/06/2020,139.3086548,115.2041092,136.0011749,134.2679749,341.4139709,578.0300293,240.704319
11/09/2020,138.9084778,125.2308807,144.6620636,137.8830414,343.9097595,567.5499878,243.0240351
11/10/2020,143.0368042,130.9011993,149.3656311,139.9595947,347.5355835,559.2199707,245.0031306
11/11/2020,141.2800598,128.0364227,142.8454132,139.5065308,345.5802002,567.7299805,244.1631012
11/12/2020,138.3469849,125.5963898,141.9812775,139.9784546,348.2430725,556.7800293,241.8210348
12/01/2020,142.7907715,129.2514801,149.1692352,140.14328,335.2530823,514.0700073,235.1129761
12/02/2020,142.3983917,130.4072723,149.846817,140.7991028,341.5122375,505.1300049,235.0156377
12/03/2020,141.3683624,130.7925415,149.9940643,141.6164856,342.6127625,498.8399963,234.2040354
12/04/2020,145.6258087,133.5387573,154.8351288,142.8235321,345.0386658,492.4500122,235.7186508
12/07/2020,144.6154022,129.4292755,152.5668182,141.5879517,343.0367737,495.4100037,234.4410375
12/08/2020,146.4596252,131.0592804,156.3178864,144.0401154,343.0367737,497.1400146,236.3422826
12/09/2020,154.9941254,132.2842255,157.0445404,145.5133057,339.6346436,488.6400146,236.3518092
12/10/2020,157.9370422,133.7264709,158.8709717,144.7054291,334.9406128,478.980011,234.8600896
12/11/2020,156.995285,130.7431488,154.7271118,145.3707428,332.3964233,479.769989,233.3337835
01/04/2021,162.3514404,133.6375427,160.9476929,148.744812,344.6540833,482.8599854,238.8659261
01/05/2021,163.155838,134.4476166,162.2951202,150.4936371,340.0191956,483.4500122,238.9769033
01/06/2021,161.1938782,139.989502,167.7538147,151.9098206,354.2886047,470.0899963,240.8709361
01/07/2021,162.6751556,140.7303925,170.7437897,152.4230194,359.968689,481.2000122,244.6235097
01/08/2021,163.2441254,139.4264221,169.4455261,152.109375,358.3514404,498.730011,246.8844833
01/11/2021,182.4025574,133.4794769,168.5504761,151.4725952,355.7480774,502.9200134,249.0955327
01/12/2021,175.3983917,135.8997803,169.4061737,150.2940674,352.414917,505.75,248.1938884
02/01/2021,199.2753296,126.1298447,164.1835175,154.64711,329.3689575,508.0799866,246.9474577
02/02/2021,193.8014832,126.4657211,163.1213074,153.2594452,334.0234985,499.980011,245.1085777
02/03/2021,193.2129059,128.0067749,170.2717133,152.5466156,333.2050476,491.1799927,244.737175
02/04/2021,197.7842712,130.1010437,176.3500366,153.9627686,324.7538452,498.8399963,246.9653269
02/05/2021,197.9313965,129.103302,173.8813019,156.3008575,320.0105591,498.980011,246.0345713
02/08/2021,201.8553009,129.8540497,175.9959412,156.7475739,319.8428955,494.8999939,246.5326259
02/09/2021,197.8725586,128.9254608,172.5338593,158.0306702,325.0595398,490.6799927,245.5170136
02/10/2021,200.5015717,128.9155884,171.9141998,158.5439148,328.7772827,491.2200012,246.6454264
02/11/2021,199.5559082,128.4611664,172.6617126,157.8310852,328.4518433,490.5400085,246.2502874
02/12/2021,204.1955872,127.7104034,170.6552734,158.3253021,323.6888123,485.6199951,245.0325623
03/01/2021,203.3878326,126.347168,172.5731964,152.3693237,330.0099487,463.0499878,241.2895762
03/02/2021,201.0926208,127.7795639,175.2484131,152.0824127,330.0000916,454.8599854,240.1771813
03/03/2021,198.9845581,125.2407608,172.6912231,149.4045563,328.2546082,446.730011,236.8842863
03/04/2021,197.5463409,125.5766373,173.4387207,146.3919983,329.1815796,449.3800049,236.9192136
03/05/2021,203.8311005,129.7454071,180.6874542,149.2898102,342.287323,461.5700073,244.5685171
03/08/2021,203.9394684,132.9460754,186.0969696,150.5330811,345.3147583,463.1900024,247.0033925
03/09/2021,203.0332031,129.765152,181.2972565,150.8199768,347.0996704,470.6300049,247.107544
03/10/2021,202.3830414,131.9680634,182.3201599,152.2067108,344.752655,467.9500122,246.9301071
03/11/2021,202.1466217,131.3160858,182.1824799,152.1971436,348.2041321,469.9599915,247.6677424
03/12/2021,204.9737854,136.0748596,186.3133545,152.6371155,352.3309326,471.4599915,250.6316732
04/01/2021,182.4747467,132.9682922,183.5466156,155.7261658,363.266449,474.9299927,248.8187103
04/05/2021,182.1299744,134.9173279,185.3707428,156.3000183,366.3442078,484.5599976,251.6037115
04/06/2021,180.0711823,135.5604095,183.7734222,156.2617645,360.5944214,478.6799927,249.1568654
04/07/2021,179.5983429,135.1547699,184.1579742,156.4721375,361.8512573,481.7900085,249.8374151
04/08/2021,179.8840179,135.4119873,185.4101715,155.8600769,361.1090393,476.3599854,249.0058797
04/09/2021,181.7359619,136.7080231,188.2104797,154.2151337,372.4007874,475.1700134,251.4067332
04/12/2021,179.1058044,137.776535,188.9795685,154.5881195,372.381012,472.7999878,250.9385045
05/03/2021,183.1446075,148.9759521,201.649826,158.0023651,401.6940918,488.6199951,263.6811396
05/04/2021,185.390564,151.3305969,203.4542389,160.4506989,407.0776978,485.1799927,265.4806315
05/05/2021,189.9317627,151.894516,204.9332733,159.7812195,408.2256775,482.4200134,266.1977437
05/06/2021,190.9956207,152.8442841,206.4024353,160.4219818,410.670105,498.6799927,270.0024033
05/07/2021,192.5027924,153.5368347,207.5757904,161.1488342,413.3223267,496.75,270.8060964
05/10/2021,191.8526306,155.3770447,208.9266357,162.8415833,416.5287781,502.3399963,272.9777781
05/11/2021,191.8427887,153.6951599,203.8683777,161.5122681,407.434021,501.1900024,269.9237696
05/12/2021,190.315918,152.4485321,201.2554321,160.861908,401.1695557,507.1400146,268.8652268
06/01/2021,196.3217316,159.0191956,212.8509674,159.296051,402.5055847,503.230011,272.2039236
06/02/2021,197.024231,156.2356262,207.6842651,159.9408264,401.6446228,505.3599854,271.3149262
06/03/2021,200.5564728,157.3649292,210.2774506,159.7868652,403.7327271,505.6600037,272.8964081
06/04/2021,199.883667,158.2564392,210.7803497,159.7195129,401.4367981,511.8900146,273.6611303
06/07/2021,220.1668854,157.4837799,208.9069214,158.6320496,396.1026001,514.9899902,276.0470378
06/08/2021,218.3661194,158.1672821,206.9052734,157.2366791,397.5772095,506.4200134,274.1120962
06/09/2021,223.6100769,157.9691925,205.3966827,159.3538208,396.9438171,521.8499756,277.5205943
06/10/2021,231.070343,158.028595,207.1616821,160.7877045,397.3297424,532.039978,281.0696742
06/11/2021,221.7202759,158.8706207,208.7294312,158.7475433,393.7671204,525.5499878,277.8974966
07/01/2021,228.6858368,148.1029053,209.3509216,159.7098846,402.1621094,574.6199951,287.1052755
07/02/2021,231.4859161,149.7175598,212.3355865,162.6161194,406.6019897,583.6400146,291.0661977
07/06/2021,232.9304657,149.2717896,212.3256836,161.6441956,407.4959412,582.25,290.986346
07/07/2021,233.3262482,150.8567352,214.3912201,163.0299377,408.8865051,585.9000244,292.7317785
07/08/2021,234.6124878,148.9350128,211.5449371,162.7123871,407.1880188,574.9199829,289.9854711
07/09/2021,232.5050201,152.5010986,216.2294464,163.3571472,409.3334351,580.4000244,292.3876953
07/12/2021,233.5142212,153.2242432,217.761322,163.0973206,413.236969,574.0300293,292.4773509
08/02/2021,243.9922485,158.1276703,248.0625,165.7822418,412.7701416,577.1300049,300.9774679
08/03/2021,253.282959,159.1083527,250.5431061,167.8223877,419.0574951,586.5100098,306.0540517
08/04/2021,259.694397,152.986496,245.3545685,166.831192,418.6999207,580.9500122,304.0860977
08/05/2021,261.3962402,151.0944824,246.1452026,167.1487579,408.4196777,602.4699707,306.1123886
08/06/2021,260.6541443,151.3322144,247.1927948,166.5906067,412.3231812,610.8599854,308.1588211
08/09/2021,264.3348389,149.0737,245.7301178,167.1680298,408.1018066,613.9400024,308.0580826
08/10/2021,266.6005859,145.7155609,237.8435059,167.2257385,409.0056763,614.9799805,306.8951747
08/11/2021,261.3071899,146.9637299,238.3376617,167.2546234,404.9929199,608.4500122,304.5510228
08/12/2021,261.5255432,147.2509766,239.7014923,168.6018982,403.224884,608,304.7174657
09/01/2021,255.500351,154.1846466,249.7030792,168.1904144,414.5381775,680.960022,320.5127818
09/02/2021,257.6543274,155.8112793,250.3158264,169.3424072,420.8552856,675.75,321.621521
09/03/2021,257.6146545,154.9483795,249.9896545,169.4488831,420.0110168,679.5700073,321.9304326
09/07/2021,252.9195404,154.1152039,249.1792755,166.8157959,418.4019165,668.8099976,318.3736216
09/08/2021,252.9592438,147.5193481,251.4523315,166.4091949,412.5914001,669.1900024,316.6869201
09/09/2021,238.2287598,148.8980255,255.2375336,162.7015533,411.757019,646.1099854,310.4888128
09/10/2021,237.7324524,146.2299194,253.6958008,161.6366882,402.5969238,650.4899902,308.7302958
10/01/2021,227.8955841,137.6999359,245.3525085,155.3443146,391.1542053,570.789978,288.0394211
10/04/2021,223.1905823,134.8036957,241.976059,154.1342163,385.7518616,555.4199829,282.5460663
10/05/2021,229.2256927,132.7703857,240.7185669,154.4827118,392.1509705,550.9000244,283.3747253
10/06/2021,226.1684418,131.3619385,237.1737823,154.8021851,392.9683228,546.5700073,281.5074463
10/07/2021,231.4590912,132.0760956,239.8967285,156.1864929,403.3843384,552.0200195,285.8371277
10/08/2021,232.2134857,129.3682861,238.0549927,155.7895813,407.1321106,550.0200195,285.429746
10/11/2021,231.9454803,129.0410156,235.183548,155.1313171,403.6733704,546.2600098,283.5391235
10/12/2021,231.0620422,127.8011627,236.7182922,152.6530914,401.9290771,544.4400024,282.4339447
11/01/2021,247.4700623,123.9130783,248.5210419,157.8128357,452.6336975,639.1500244,311.5834567
11/02/2021,254.9544067,121.9293518,245.9961243,160.300766,450.5704346,638.7700195,312.0868505
11/03/2021,264.2949829,123.8237991,247.5407715,159.7876587,455.8432312,652.0999756,317.2317365
11/04/2021,268.9999695,125.1727371,244.9762421,159.3423767,455.275116,647.6300049,316.8994077
11/05/2021,263.044281,128.8227692,245.8277893,158.2097473,454.328186,611.539978,310.2954585
11/08/2021,258.6072388,128.1086426,245.1940918,157.6676331,461.1160278,622.7800293,312.2456106
11/09/2021,260.0862427,127.3845825,243.71875,157.3191223,462.8404236,616.3099976,311.2765198
11/10/2021,262.6968384,128.3169098,242.8573151,159.022934,458.4048767,622.2000122,312.2498144
11/11/2021,260.6917419,129.2095947,241.58992,157.8515472,455.9030457,626.6400146,311.9809774
11/12/2021,258.5705872,129.7749634,242.8573151,159.7392731,457.4978333,631.2000122,313.2733307
12/01/2021,248.0943451,115.6332932,223.390686,154.0329895,442.8954773,630.5900269,302.4394697
12/02/2021,246.8495331,120.8292923,229.7772522,153.0683441,444.5700073,634,304.8490715
12/03/2021,244.5590973,120.8491592,227.7672119,155.2997131,449.3200073,635.1599731,305.492527
12/06/2021,245.3059845,125.2404251,231.4704437,158.7685699,460.1099854,625,307.6492348
12/07/2021,244.0910492,127.585083,236.2529144,159.1778412,464.730011,635.0900269,311.1544876
12/08/2021,243.3043365,128.8368835,238.1441193,160.1327209,468.8599854,654.039978,315.5530039
12/09/2021,241.8902283,128.2805328,239.0649872,161.6528015,473.3200073,665.7199707,318.3214213
12/10/2021,243.1250763,127.5652084,241.1542358,161.2532959,478.230011,669.5200195,320.1413078
01/03/2022,270.6004028,131.1616669,252.0774384,167.148407,502.2799988,627.0999756,325.0613149
01/04/2022,265.7008362,132.9499817,258.2186279,166.7001801,490.8999939,616.8200073,321.8816045
01/05/2022,259.5664368,132.9300995,256.9289246,167.8109894,489.6900024,595.1199951,317.0077413
01/06/2022,258.2519226,130.128418,252.5040436,167.2360992,469.6499939,598.4400024,312.7017466
01/07/2022,258.4212341,131.1119995,250.2221832,169.4967194,458.6000061,603.7299805,311.9303538
01/10/2022,259.0286865,131.9962158,247.5037842,168.6587067,465,621.2700195,315.5762355
01/11/2022,261.2295227,129.9694672,248.3569946,166.8658447,469,626.0900269,316.9186427
01/12/2022,254.8561096,128.2705841,247.3351288,165.4431915,473.7200012,631.4400024,316.8441696
02/01/2022,247.2478638,129.6118164,235.4594727,166.5052948,468.4100037,613.3599854,310.0990728
02/02/2022,249.7872772,131.8273163,238.8921814,168.3469238,479.7799988,622.8499756,315.2472789
02/03/2022,243.7922974,130.5953827,238.9616394,168.3371735,488.769989,620.6900024,315.1910807
02/04/2022,241.2628632,128.9660339,237.1956787,167.2360992,483.1700134,622.960022,313.4651184
02/07/2022,242.5375366,126.3829498,230.5782471,166.6807098,483.7000122,622.3599854,312.0399068
02/08/2022,238.912674,131.4597321,237.592514,167.1191711,493.4100037,617.9400024,314.4056829
02/09/2022,242.2586975,135.9503326,241.5014496,167.0996857,498.1000061,619.7700195,317.4466985
02/10/2022,238.6437836,132.7016144,238.1183319,165.0826874,486.7200012,618.2199707,313.2477315
02/11/2022,234.7600098,131.7279663,235.6975708,163.4164734,478.1300049,638.4099731,313.6903331
03/01/2022,249.5,144.1371307,250.4305267,160.82724,476.25,607.0300293,314.6958211
03/02/2022,254.1699982,148.2957001,259.0718689,162.8277588,485.3800049,616.8699951,321.1025543
03/03/2022,258.6400146,149.0816345,262.0283508,165.2205658,486.5899963,611.1500244,322.1184311
03/04/2022,262.8699951,148.693634,263.3181152,166.2012177,498.6499939,620.4099731,326.6904882
03/07/2022,261.6400146,149.6486969,257.7722168,168.8784027,486.8699951,618.5900269,323.8998922
03/08/2022,259.9299927,148.5543671,255.9963226,165.4559174,473.4599915,614.7399902,319.6894303
03/09/2022,262.7900085,150.4843903,262.2763977,166.0835419,485.5700073,623.4299927,325.1057231
03/10/2022,266.019989,149.6785431,264.994812,166.3777313,491.4400024,630.3599854,328.1451772
03/11/2022,266.2999878,149.8874817,264.8956299,166.0737457,482.8699951,642.5800171,328.7678096
04/01/2022,292.6700134,143.4407196,249.2962341,174.7427216,512.5900269,694.8300171,344.5949555
04/04/2022,291.4200134,139.3816376,244.1661377,173.0559692,510.019989,698.4099731,342.7422867
04/05/2022,292.4899902,138.5260468,242.1976166,174.1739349,517.7600098,691.4699707,342.7695948
04/06/2022,305.8399963,139.7596893,249.0277863,178.7045441,531.75,708.3599854,352.2403336
04/07/2022,308.4299927,143.6297455,253.1537323,178.2436371,536.9500122,721.7999878,357.0345179
04/08/2022,311.6900024,145.2513885,257.1901855,178.5966797,545.960022,738.8400269,362.9213842
04/11/2022,308.9599915,147.1018524,256.683136,176.3607788,537.4400024,722.3699951,358.152626
04/12/2022,308.0799866,148.5046082,259.3774414,176.4196167,533.710022,715.789978,356.9802755
05/02/2022,289.5599976,121.613205,209.5977325,175.1840057,501.1499939,652.0200195,324.854159
05/03/2022,288.0700073,124.4684982,215.0459595,174.8407593,499.6199951,660.4899902,327.0892016
05/04/2022,294.8999939,129.2836609,223.4966736,176.7138214,507.6199951,660.8599854,332.1456884
05/05/2022,292.3699951,125.6424484,222.890213,173.3403625,494.7200012,639.3699951,324.7221692
05/06/2022,296.8999939,127.1447067,226.0319061,172.9579163,499.6199951,623.0499878,324.2840843
05/09/2022,289.230011,124.6873703,222.8007355,173.899353,486.4200134,599.7700195,316.1345838
05/10/2022,285.7000122,124.7968063,223.1884766,173.6639862,488.0100098,615.0900269,318.4082197
05/11/2022,286.6900024,121.2451096,208.3152161,172.7225647,486.1499939,613.0499878,314.6954791
05/12/2022,291.7999878,122.8567963,212.5604553,174.4289093,478.7999878,633.960022,319.0676931
06/01/2022,311.0799866,120.3234253,205.7501678,175.391861,492.5499878,658.9199829,327.3359019
06/02/2022,302.4299927,122.2266846,209.9556274,174.8391571,492.2600098,630.7000122,322.0685806
06/03/2022,301.6499939,120.7419434,206.3864594,174.1186829,485.6099854,630.3499756,319.8095068
06/06/2022,303.3599854,120.7419434,203.6325226,174.098938,490.1799927,609.0300293,316.8405686
06/07/2022,312.1000061,121.8380585,206.316864,176.0136261,497.1000061,613.9799805,321.2247569
06/08/2022,313.4899902,119.9846268,204.5372314,174.9674683,493.5299988,607.7600098,319.0448876
06/09/2022,303.25,117.5731735,200.0931549,171.444046,489.4299927,575.4799805,309.5450579
06/10/2022,297.0100098,114.3446274,195.5794678,170.2991638,484.6300049,571.8099976,305.6122119
07/01/2022,324.7099915,105.5956421,174.5903931,177.1782532,517.4000244,595.4000244,315.8123881
07/05/2022,327.1799927,104.5294266,172.1170502,175.8162537,505.2399902,596.5599976,313.5737852
07/06/2022,330.1499939,101.8887863,165.5447388,175.9741669,515.289978,594.9000244,313.9579481
07/07/2022,327.9500122,104.918045,174.1914825,176.1715393,514.3800049,607.4500122,317.5101827
07/08/2022,330.4700012,103.0745773,172.1370087,175.954422,518.6300049,621.5700073,320.3060036
07/11/2022,331.0700073,100.9620667,168.9356079,176.0235138,516.9500122,614.460022,318.0668717
07/12/2022,323.5899963,101.4702682,169.6536865,173.5561218,514.4199829,610.0900269,315.4633471
08/01/2022,324.1499939,109.860527,210.3442383,171.6414337,535.3800049,576.6799927,321.3426984
08/02/2022,320.2000122,109.5316925,210.9027252,170.6643372,535.460022,574.960022,320.2864685
08/03/2022,313.8299866,110.7673111,215.8893127,172.312561,540.6500244,608.7700195,327.0365359
08/04/2022,305.7900085,109.3124619,212.1493835,169.5490723,533.75,614.960022,324.2518247
08/05/2022,301.3200073,109.9601669,212.2391357,168.8779602,535.0599976,613.6099854,323.5112089
08/08/2022,302.5,109.7708511,210.7730713,167.9798279,536.5999756,630.6300049,326.3756218
08/09/2022,303.019989,109.2327499,209.5065002,167.960083,537.2600098,622.1500244,324.8548927
08/10/2022,304.6099854,112.2420807,216.1386414,168.4436798,537.7199707,641.4899902,330.1073914
08/11/2022,301.1700134,110.9964905,215.9391937,164.9597321,532.8599854,623.9000244,324.9709066
08/12/2022,308.0799866,111.5644836,218.3028259,163.1437378,543.7000122,628.710022,328.9168447
09/01/2022,309.1300049,97.10102081,198.914978,164.2796478,524,600.6300049,315.6759427
09/02/2022,301.3299866,96.8114624,199.4934235,161.6963348,516.3499756,580.6199951,309.3835297
09/06/2022,306.8200073,96.08258057,200.1716003,162.1334991,517.6799927,573.9699707,309.4762751
09/07/2022,311.6000061,100.7254562,211.5908813,163.017807,521.6799927,596.4400024,317.5090243
09/08/2022,315.5,101.0848999,215.6300201,164.3293304,527.5100098,708.8499756,338.8173726
09/09/2022,317.7000122,102.8521957,219.1106567,164.6472778,524.3400269,724.3200073,342.1616961
09/12/2022,315.2200012,105.9773941,221.7635193,164.5777283,531.25,710.7399902,341.5881055
10/03/2022,321.5499878,92.53801727,193.2599945,162.1533661,515.5100098,735.1300049,336.6902301
10/04/2022,329.8900146,95.65324402,203.8999939,164.5578461,523.1699829,739.539978,342.7851766
10/05/2022,331.7799988,94.56491089,202.5399933,164.0511169,527.0700073,745.6799927,344.2810033
10/06/2022,332.9500122,93.1470871,201.5299988,160.8716431,519.1300049,731.8599854,339.9147886
10/07/2022,326.6600037,91.28993225,200.4600067,159.1726074,504.8500061,722.3699951,334.1337585
10/10/2022,323.8900146,90.54108429,199.0899963,159.3812714,498.8599854,730.9199829,333.7803891
10/11/2022,327.6000061,91.9189682,202.6900024,161.6863861,499.8099976,737.4099731,336.8525556
10/12/2022,324.5700073,90.36135864,200.4900055,161.6466522,499.9599915,728.0599976,334.1813355
11/01/2022,352.5799866,117.140274,221.1300049,171.9799347,547.3099976,759.9099731,361.6750285
11/02/2022,354.9599915,112.9566879,213.8200073,169.3369904,543.4299927,740.4799805,355.8306084
11/03/2022,361.6799927,111.5288773,212.75,169.6251526,543.6099854,738.6799927,356.3123335
11/04/2022,357.4100037,111.8983154,211.9100037,170.3802643,538.1699829,740.210022,354.996432
11/07/2022,365.0700073,112.9566879,214.2400055,171.8706512,545.0200195,750.9299927,360.0145607
11/08/2022,366.6600037,113.0565414,211.6699982,172.7251282,553.0499878,751.9500122,361.5186119
11/09/2022,363.269989,111.5089111,209.0099945,171.3440399,540.6599731,742.9500122,356.4571533
11/10/2022,368.7200012,121.6134109,222.5,173.3510895,544.1699829,741.0800171,361.9057503
11/11/2022,352.2999878,124.8085022,224.0800018,168.164566,522.0800171,734.4500122,354.3138479
12/01/2022,370.3299866,130.1999969,238.4700012,178.7400055,536.9099731,761.2399902,369.3149923
12/02/2022,374.7600098,129.3500061,239.0299988,178.8800049,536.1599731,766.3900146,370.7616679
12/05/2022,369.2900085,127.3600006,235.3500061,178.7799988,535.039978,755.4500122,366.878334
12/06/2022,368.5400085,127.9499969,236.6199951,176.1000061,539.3200073,747.4699707,365.9999974
12/07/2022,371.9700012,128.1199951,238.1100006,177.1699982,542.9099731,764.2700195,370.424998
12/08/2022,371.7900085,129.6100006,241.5299988,177.1999969,547.9199829,765.4199829,372.2449951
12/09/2022,360.9899902,127.3300018,237.5899963,175.7400055,539.2000122,750.0599976,365.1516673
12/12/2022,365.5899963,127.4550018,240.1900024,176.2899933,542.3400269,738.8800049,365.1241709
